ID,City,State,Email
101,Ahmedabad,Gujarat,Bharat@gmail.com
102,Pune,Maharashtra,Pearl@hotmail.com
103,Bhopal,Madhya Pradesh,Jahan@yahoo.com
104,Jaipur,Rajasthan,Divsha@aol.com
105,Kolkata,West Bengal,Kasheen@gmail.com
106,Bangalore,Karnataka,Hazel@hotmail.com
107,Kashmir,Jammu and Kashmir,Sonakshi@yahoo.com
108,Chennai,Tamil Nadu,Aarushi@aol.com
109,Lucknow,Uttar Pradesh,Jitesh@gmail.com
110,Patna,Bihar,Yogesh@hotmail.com
111,Thiruvananthapuram,Kerala ,Anita@yahoo.com
112,Chandigarh,Punjab,Shrichand@aol.com
113,Chandigarh,Haryana,Mukesh@gmail.com
114,Simla,Himachal Pradesh,Vandana@hotmail.com
115,Gangtok,Sikkim,Bhavna@yahoo.com
116,Goa,Goa,Kanak@aol.com
117,Kohima,Nagaland,Sagar@gmail.com
118,Hyderabad,Andhra Pradesh,Manju@hotmail.com
119,Ahmedabad,Gujarat,Ramesh@yahoo.com
120,Pune,Maharashtra,Sarita@aol.com
121,Bhopal,Madhya Pradesh,Deepak@gmail.com
122,Jaipur,Rajasthan,Monisha@hotmail.com
123,Kolkata,West Bengal,Atharv@yahoo.com
124,Bangalore,Karnataka,Vini@aol.com
125,Kashmir,Jammu and Kashmir,Pinky@gmail.com
126,Mumbai,Maharashtra,Bhishm@hotmail.com
127,Indore,Madhya Pradesh,Hitika@yahoo.com
128,Patna,Bihar,Pooja@aol.com
129,Thiruvananthapuram,Kerala ,Hemant@gmail.com
130,Chandigarh,Punjab,Sahil@hotmail.com
131,Chandigarh,Haryana,Ritu@yahoo.com
132,Simla,Himachal Pradesh,Manish@aol.com
133,Gangtok,Sikkim,Amit@aol.com
134,Goa,Goa,Sanjay@gmail.com
135,Kohima,Nagaland,Nidhi@hotmail.com
136,Mumbai,Maharashtra,Nishi@yahoo.com
137,Indore,Madhya Pradesh,Ashmi@aol.com
138,Pune,Maharashtra,Parth@gmail.com
139,Bhopal,Madhya Pradesh,Lisha@hotmail.com
140,Jaipur,Rajasthan,Paridhi@yahoo.com
141,Kolkata,West Bengal,Parishi@aol.com
142,Bangalore,Karnataka,Ajay@yahoo.com
143,Kashmir,Jammu and Kashmir,Kirti@aol.com
144,Mumbai,Maharashtra,Mayank@gmail.com
145,Indore,Madhya Pradesh,Yaanvi@hotmail.com
146,Patna,Bihar,Sonal@yahoo.com
147,Thiruvananthapuram,Kerala ,Sharda@aol.com
148,Chandigarh,Punjab,Aditya@gmail.com
149,Chandigarh,Haryana,Rachna@hotmail.com
150,Mumbai,Maharashtra,Chirag@yahoo.com
151,Indore,Madhya Pradesh,Anurag@aol.com
152,Goa,Goa,Tushina@gmail.com
153,Kohima,Nagaland,Farah@hotmail.com
154,Mumbai,Maharashtra,Sabah@yahoo.com
155,Indore,Madhya Pradesh,Nida@aol.com
156,Pune,Maharashtra,Priyanka@hotmail.com
157,Bhopal,Madhya Pradesh,Tulika@yahoo.com
158,Jaipur,Rajasthan,Shefali@aol.com
159,Kolkata,West Bengal,Sanskriti@gmail.com
160,Bangalore,Karnataka,Shruti@hotmail.com
161,Kashmir,Jammu and Kashmir,Subhashree@yahoo.com
162,Mumbai,Maharashtra,Sweta@aol.com
163,Indore,Madhya Pradesh,Pournamasi@gmail.com
164,Patna,Bihar,Pratyusmita@hotmail.com
165,Thiruvananthapuram,Kerala ,Chayanika@yahoo.com
166,Chandigarh,Punjab,Tanvi@aol.com
167,Chandigarh,Haryana,Anjali@gmail.com
168,Simla,Himachal Pradesh,Rhea@hotmail.com
169,Gangtok,Sikkim,Piyali@yahoo.com
170,Goa,Goa,Charika@aol.com
171,Kohima,Nagaland,Mitali@gmail.com
172,Hyderabad,Andhra Pradesh,Akanksha@hotmail.com
173,Ahmedabad,Gujarat,Arsheen@yahoo.com
174,Pune,Maharashtra,
175,Bhopal,Madhya Pradesh,Shreya@hotmail.com
176,Jaipur,Rajasthan,Chandni@yahoo.com
177,Kolkata,West Bengal,Ekta@aol.com
178,Bangalore,Karnataka,
179,Mumbai,Maharashtra,Avni@hotmail.com
180,Indore,Madhya Pradesh,Aayushi@yahoo.com
181,Indore,Madhya Pradesh,Bhawna@aol.com
182,Patna,Bihar,Krutika@hotmail.com
183,Mumbai,Maharashtra,Samiksha@yahoo.com
184,Indore,Madhya Pradesh,Sheetal@aol.com
185,Mumbai,Maharashtra,Sanjna@gmail.com
186,Indore,Madhya Pradesh,Swetha@hotmail.com
187,Mumbai,Maharashtra,Bhaggyasree@yahoo.com
188,Indore,Madhya Pradesh,
189,Mumbai,Maharashtra,Akancha@gmail.com
190,Indore,Madhya Pradesh,Rashmi@hotmail.com
191,Bhopal,Madhya Pradesh,Parna@yahoo.com
192,Jaipur,Rajasthan,Subhasmita@aol.com
193,Kolkata,West Bengal,Suhani@gmail.com
194,Bangalore,Karnataka,Noopur@hotmail.com
195,Kashmir,Jammu and Kashmir,Vijay@yahoo.com
196,Chennai,Tamil Nadu,Amisha@aol.com
197,Lucknow,Uttar Pradesh,Kritika@gmail.com
198,Mumbai,Maharashtra,Shubhi@hotmail.com
199,Indore,Madhya Pradesh,Maithilee@yahoo.com
200,Mumbai,Maharashtra,Shaily@aol.com
201,Mumbai,Maharashtra,Riya@aol.com
202,Indore,Madhya Pradesh,Shweta@gmail.com
203,Goa,Goa,Swetlana@hotmail.com
204,Mumbai,Maharashtra,Shivani@yahoo.com
205,Indore,Madhya Pradesh,Kishwar@aol.com
206,Indore,Madhya Pradesh,Aakanksha@hotmail.com
207,Pune,Maharashtra,Megha@yahoo.com
208,Bhopal,Madhya Pradesh,Sakshi@aol.com
209,Jaipur,Rajasthan,Adhvaita@gmail.com
210,Kolkata,West Bengal,Raksha@hotmail.com
211,Bangalore,Karnataka,Stuti@yahoo.com
212,Kashmir,Jammu and Kashmir,Srishti@aol.com
213,Chennai,Tamil Nadu,Surabhi@aol.com
214,Lucknow,Uttar Pradesh,Manshul@gmail.com
215,Chandigarh,Punjab,Namrata@hotmail.com
216,Chandigarh,Haryana,Anchal@yahoo.com
217,Simla,Himachal Pradesh,Inderpreet@aol.com
218,Mumbai,Maharashtra,Wale@gmail.com
219,Kohima,Nagaland,Anisha@hotmail.com
220,Mumbai,Maharashtra,Kiran@yahoo.com
221,Indore,Madhya Pradesh,Turumella@aol.com
222,Pune,Maharashtra,Ameesha@yahoo.com
223,Bhopal,Madhya Pradesh,Madhulika@aol.com
224,Jaipur,Rajasthan,Rishabh@aol.com
225,Kolkata,West Bengal,
226,Bangalore,Karnataka,
227,Mumbai,Maharashtra,Dhirajendu@gmail.com
228,Indore,Madhya Pradesh,Pranav@hotmail.com
229,Lucknow,Uttar Pradesh,Arindam@yahoo.com
230,Mumbai,Maharashtra,Akshat@aol.com
231,Indore,Madhya Pradesh,Shubham@gmail.com
232,Chandigarh,Punjab,Ayush@hotmail.com
233,Chandigarh,Haryana,Daksh@yahoo.com
234,Mumbai,Maharashtra,Rane@aol.com
235,Indore,Madhya Pradesh,Navdeep@gmail.com
236,Goa,Goa,Ashwin@hotmail.com
237,Kohima,Nagaland,Aman@yahoo.com
238,Hyderabad,Andhra Pradesh,Devendra@aol.com
239,Ahmedabad,Gujarat,
240,Pune,Maharashtra,Shivam@gmail.com
241,Bhopal,Madhya Pradesh,Harsh@hotmail.com
242,Jaipur,Rajasthan,Nitant@yahoo.com
243,Indore,Madhya Pradesh,Priyanshu@aol.com
244,Mumbai,Maharashtra,
245,Indore,Madhya Pradesh,Vaibhav@gmail.com
246,Patna,Bihar,Akshay@hotmail.com
247,Thiruvananthapuram,Kerala ,Shourya@yahoo.com
248,Mumbai,Maharashtra,Mohan@aol.com
249,Indore,Madhya Pradesh,
250,Gangtok,Sikkim,
251,Indore,Madhya Pradesh,Anudeep@gmail.com
252,Ahmedabad,Gujarat,Noshiba@hotmail.com
253,Pune,Maharashtra,Sanjova@yahoo.com
254,Bhopal,Madhya Pradesh,Meghana@aol.com
255,Kolkata,West Bengal,
256,Bangalore,Karnataka,Shreyoshe@gmail.com
257,Mumbai,Maharashtra,Surbhi@hotmail.com
258,Lucknow,Uttar Pradesh,Vaibhavi@yahoo.com
259,Patna,Bihar,Sanjana@aol.com
260,Chandigarh,Punjab,Snehal@gmail.com
261,Chandigarh,Haryana,Duhita@hotmail.com
262,Mumbai,Maharashtra,Mousam@yahoo.com
263,Indore,Madhya Pradesh,Aditi@aol.com
264,Indore,Madhya Pradesh,Savi@gmail.com
265,Hyderabad,Andhra Pradesh,Teena@hotmail.com
266,Ahmedabad,Gujarat,Rutuja@yahoo.com
267,Indore,Madhya Pradesh,Shivangi@aol.com
268,Jaipur,Rajasthan,Rohit@gmail.com
269,Bangalore,Karnataka,Abhishek@hotmail.com
270,Kashmir,Jammu and Kashmir,Asish@yahoo.com
271,Chennai,Tamil Nadu,Dinesh@aol.com
272,Patna,Bihar,Sajal@gmail.com
273,Thiruvananthapuram,Kerala ,Avish@hotmail.com
274,Indore,Madhya Pradesh,Siddharth@yahoo.com
275,Gangtok,Sikkim,Sukant@aol.com
276,Mumbai,Maharashtra,Sukrith@hotmail.com
277,Indore,Madhya Pradesh,Sauptik@yahoo.com
278,Hyderabad,Andhra Pradesh,Shishu@aol.com
279,Ahmedabad,Gujarat,Divyansh@gmail.com
280,Pune,Maharashtra,Ishit@hotmail.com
281,Bhopal,Madhya Pradesh,Aryan@yahoo.com
282,Mumbai,Maharashtra,Yash@aol.com
283,Indore,Madhya Pradesh,Shivanshu@gmail.com
284,Bangalore,Karnataka,Sudheer@hotmail.com
285,Mumbai,Maharashtra,Ankit@yahoo.com
286,Indore,Madhya Pradesh,Dhanraj@aol.com
287,Lucknow,Uttar Pradesh,
288,Patna,Bihar,
289,Thiruvananthapuram,Kerala ,
290,Chandigarh,Punjab,Nripraj@gmail.com
291,Mumbai,Maharashtra,Utsav@hotmail.com
292,Indore,Madhya Pradesh,Kshitij@yahoo.com
293,Mumbai,Maharashtra,Hrisheekesh@aol.com
294,Indore,Madhya Pradesh,
295,Hyderabad,Andhra Pradesh,Mane@gmail.com
296,Mumbai,Maharashtra,Praneet@hotmail.com
297,Indore,Madhya Pradesh,Sandeep@yahoo.com
298,Bhopal,Madhya Pradesh,Ankur@aol.com
299,Jaipur,Rajasthan,
300,Bangalore,Karnataka,Tejas@gmail.com
301,Mumbai,Maharashtra,Rohan@hotmail.com
302,Indore,Madhya Pradesh,Shyam@yahoo.com
303,Mumbai,Maharashtra,Tanushree@aol.com
304,Chandigarh,Punjab,Nikita@gmail.com
305,Chandigarh,Haryana,Apoorva@hotmail.com
306,Simla,Himachal Pradesh,Aastha@yahoo.com
307,Mumbai,Maharashtra,Harshita@aol.com
308,Indore,Madhya Pradesh,Krishna@gmail.com
309,Hyderabad,Andhra Pradesh,Ananya@hotmail.com
310,Ahmedabad,Gujarat,Moumita@yahoo.com
311,Pune,Maharashtra,Arti@aol.com
312,Mumbai,Maharashtra,Palak@hotmail.com
313,Kolkata,West Bengal,Pranjali@yahoo.com
314,Bangalore,Karnataka,Sneha@aol.com
315,Mumbai,Maharashtra,Ashvini@gmail.com
316,Mumbai,Maharashtra,Mrunal@hotmail.com
317,Indore,Madhya Pradesh,Swati@yahoo.com
318,Thiruvananthapuram,Kerala ,Snel@aol.com
319,Chandigarh,Punjab,Soodesh@yahoo.com
320,Chandigarh,Haryana,Aniket@aol.com
321,Gangtok,Sikkim,
322,Kohima,Nagaland,
323,Hyderabad,Andhra Pradesh,Soumyabrata@gmail.com
324,Ahmedabad,Gujarat,Gaurav@hotmail.com
325,Bhopal,Madhya Pradesh,Abhijeet@yahoo.com
326,Indore,Madhya Pradesh,Anand@aol.com
327,Indore,Madhya Pradesh,Chikku@gmail.com
328,Lucknow,Uttar Pradesh,Aayush@hotmail.com
329,Patna,Bihar,Amol@yahoo.com
330,Thiruvananthapuram,Kerala ,Manibalan@aol.com
331,Mumbai,Maharashtra,Aromal@hotmail.com
332,Indore,Madhya Pradesh,Arun@yahoo.com
333,Simla,Himachal Pradesh,Komal@aol.com
334,Goa,Goa,Vikash@gmail.com
335,Kohima,Nagaland,Parakh@hotmail.com
336,Surat,Gujarat,Gunjal@yahoo.com
337,Mumbai,Maharashtra,Saurabh@aol.com
338,Indore,Madhya Pradesh,Divyeta@gmail.com
339,Allahabad,Uttar Pradesh,Divyeshkumar@hotmail.com
340,Amritsar,Punjab,Bhosale@yahoo.com
341,Surat,Gujarat,Dashyam@aol.com
342,Mumbai,Maharashtra,Mrinal@gmail.com
343,Udaipur,Rajasthan,Apoorv@hotmail.com
344,Amritsar,Punjab,Masurkar@yahoo.com
345,Surat,Gujarat,Saptadeep@aol.com
346,Mumbai,Maharashtra,Sumeet@gmail.com
347,Indore,Madhya Pradesh,Shatayu@hotmail.com
348,Udaipur,Rajasthan,Brijesh@yahoo.com
349,Allahabad,Uttar Pradesh,Vedant@aol.com
350,Mumbai,Maharashtra,Divyansha@gmail.com
351,Allahabad,Uttar Pradesh,Aashna@hotmail.com
352,Amritsar,Punjab,Monu@yahoo.com
353,Surat,Gujarat,Sathya@aol.com
354,Allahabad,Uttar Pradesh,Aishwarya@gmail.com
355,Surat,Gujarat,Suraj@hotmail.com
356,Mumbai,Maharashtra,Ishpreet@yahoo.com
357,Indore,Madhya Pradesh,Amlan@aol.com
358,Delhi,Madhya Pradesh,Bhargav@aol.com
359,Delhi,Delhi,Abhijit@gmail.com
360,Bhopal,Madhya Pradesh,Jaydeep@hotmail.com
361,Delhi,Delhi,Pradeep@yahoo.com
362,Delhi,Madhya Pradesh,Sujay@aol.com
363,Delhi,Delhi,Jay@yahoo.com
364,Bhopal,Madhya Pradesh,Phalguni@aol.com
365,Delhi,Delhi,Preksha@gmail.com
366,Delhi,Madhya Pradesh,Geetanjali@hotmail.com
367,Delhi,Delhi,Kajal@yahoo.com
368,Amritsar,Punjab,Sukruta@aol.com
369,Surat,Gujarat,Utkarsh@yahoo.com
370,Indore,Madhya Pradesh,Karandeep@aol.com
371,Udaipur,Rajasthan,Neha@gmail.com
372,Allahabad,Uttar Pradesh,Jayanti@hotmail.com
373,Amritsar,Punjab,Sandra@yahoo.com
374,Surat,Gujarat,Akshata@aol.com
375,Mumbai,Maharashtra,Vishakha@hotmail.com
376,Bangalore,Karnataka,Prajakta@yahoo.com
377,Indore,Madhya Pradesh,Dipali@aol.com
378,Patna,Bihar,
379,Thiruvananthapuram,Kerala ,Girase@gmail.com
380,Chandigarh,Punjab,Monica@hotmail.com
381,Mumbai,Maharashtra,Sidharth@yahoo.com
382,Indore,Madhya Pradesh,Bhutekar@aol.com
383,Mumbai,Maharashtra,
384,Indore,Madhya Pradesh,Rahul@gmail.com
385,Kohima,Nagaland,Sudhir@hotmail.com
386,Chandigarh,Punjab,Nikhil@yahoo.com
387,Gangtok,Sikkim,Vineet@aol.com
388,Goa,Goa,
389,Kohima,Nagaland,Jaideep@gmail.com
390,Ahmedabad,Gujarat,Shardul@hotmail.com
391,Pune,Maharashtra,Syed@yahoo.com
392,Indore,Madhya Pradesh,Mhatre@aol.com
393,Ahmedabad,Gujarat,Chetan@gmail.com
394,Pune,Maharashtra,Mukund@hotmail.com
395,Mumbai,Maharashtra,Shantanu@yahoo.com
396,Kolkata,West Bengal,Jesal@aol.com
397,Ahmedabad,Gujarat,
398,Kolkata,West Bengal,
399,Indore,Madhya Pradesh,
400,Pune,Maharashtra,Tejeswini@gmail.com
401,Mumbai,Maharashtra,Pratiksha@hotmail.com
402,Indore,Madhya Pradesh,Oshin@yahoo.com
403,Kolkata,West Bengal,Saloni@aol.com
404,Amritsar,Punjab,Paromita@gmail.com
405,Surat,Gujarat,Shreyshi@hotmail.com
406,Udaipur,Rajasthan,Jesslyn@yahoo.com
407,Allahabad,Uttar Pradesh,Seema@aol.com
408,Udaipur,Rajasthan,Manisha@gmail.com
409,Amritsar,Punjab,Piyam@hotmail.com
410,Mumbai,Maharashtra,Parin@yahoo.com
411,Delhi,Delhi,Amruta@aol.com
412,Delhi,Delhi,Hemangi@gmail.com
413,Delhi,Delhi,Atul@hotmail.com
414,Indore,Madhya Pradesh,Ginny@yahoo.com
415,Delhi,Delhi,Manjiri@aol.com
416,Delhi,Delhi,Nirja@gmail.com
417,Delhi,Delhi,Mugdha@hotmail.com
418,Indore,Madhya Pradesh,Mansi@yahoo.com
419,Delhi,Delhi,Harshal@aol.com
420,Delhi,Delhi,Omkar@gmail.com
421,Delhi,Delhi,Yohann@hotmail.com
422,Delhi,Delhi,Prashant@yahoo.com
423,Udaipur,Rajasthan,Anmol@aol.com
424,Delhi,Delhi,Diwakar@gmail.com
425,Delhi,Delhi,Patil@hotmail.com
426,Bhopal,Madhya Pradesh,Hitesh@yahoo.com
427,Jaipur,Rajasthan,Nandita@aol.com
428,Kolkata,West Bengal,
429,Bangalore,Karnataka,Arpita@gmail.com
430,Chennai,Tamil Nadu,Kalyani@hotmail.com
431,Patna,Bihar,Kartikay@yahoo.com
432,Mumbai,Maharashtra,Ankita@aol.com
